<?xml version="1.0" encoding="UTF-8" standalone="no"?>
<!--Generated by IBM TransformationAdvisor 3.9.0
Sat Apr 06 15:34:02 UTC 2024--><server description="Configuration generated by binaryAppScanner">
    <featureManager>
        <!--Generated by IBM TransformationAdvisor 3.9.0 to support metric integration.-->
        <feature>mpMetrics-1.1</feature>
        <!--End features generated by Transformation Advisor-->
        <!--The following features are available in all editions of Liberty.-->
        <feature>appSecurity-2.0</feature>
        <feature>cdi-1.2</feature>
        <feature>ejbLite-3.2</feature>
        <feature>jdbc-4.1</feature>
        <feature>jndi-1.0</feature>
        <feature>jsp-2.3</feature>
        <feature>ldapRegistry-3.0</feature>
        <feature>localConnector-1.0</feature>
        <feature>servlet-3.1</feature>
    </featureManager>
    <!-- This configuration was migrated on 4/6/24 at 8:27:21 AM from the following location: /opt/IBM/WebSphere/AppServer/profiles/AppSrv01 -->
    <!-- The binary scanner does not support the migration of all WebSphere traditional configuration elements. Check the binary scanner documentation for the list of supported configuration elements. -->
    <!-- The following WebSphere traditional variables are used by the configuration but were not migrated: [WAS_INSTALL_ROOT]. Remove these variables from the configuration or provide each one with an appropriate definition. -->
    <applicationManager autoExpand="true"/>
    <httpEndpoint host="${httpEndpoint_host_5}" httpPort="${httpEndpoint_port_5}" httpsPort="${httpEndpoint_secure_port_5}" id="defaultHttpEndpoint"/>
    <webApplication contextRoot="/resorts" id="ModResorts.ear" location="modresorts-2.0.0.war">
        <application-bnd>
            <security-role name="users">
                <user name="professor"/>
                <user name="fry"/>
                <user name="zoidberg"/>
                <user name="hermes"/>
                <user name="leela"/>
                <user name="bender"/>
                <user name="amy"/>
            </security-role>
        </application-bnd>
    </webApplication>
    <authData id="demo-data-vm1Node01/prod01AuthAlias" password="${demo_data_vm1Node01_prod01AuthAlias_password}" user="${demo_data_vm1Node01_prod01AuthAlias_user}"/>
    <jdbcDriver id="DB2JDBC01_demo-data-vm1Node01_JDBCProvider_1678816498564">
        <library>
            <file name="${shared.config.dir}/lib/global/db2jcc.jar"/>
            <file name="${shared.config.dir}/lib/global/db2jcc_license_cu.jar"/>
            <file name="${shared.config.dir}/lib/global/db2jcc_license_cisuz.jar"/>
        </library>
    </jdbcDriver>
    <dataSource beginTranForResultSetScrollingAPIs="false" beginTranForVendorAPIs="false" containerAuthDataRef="demo-data-vm1Node01/prod01AuthAlias" id="ModResortsDs_demo-data-vm1Node01_DataSource_1712416386935" jdbcDriverRef="DB2JDBC01_demo-data-vm1Node01_JDBCProvider_1678816498564" jndiName="jdbc/ModResortsJndi" type="javax.sql.XADataSource">
        <properties.db2.jcc databaseName="${ModResortsDs_demo_data_vm1Node01_DataSource_1712416386935_databaseName}" driverType="4" portNumber="${ModResortsDs_demo_data_vm1Node01_DataSource_1712416386935_portNumber}" serverName="${ModResortsDs_demo_data_vm1Node01_DataSource_1712416386935_serverName}"/>
        <connectionManager connectionTimeout="180" enableContainerAuthForDirectLookups="true" maxPoolSize="10"/>
        <heritageSettings helperClass="com.ibm.websphere.rsadapter.DB2UniversalDataStoreHelper" replaceExceptions="true"/>
    </dataSource>
    <transaction propogatedOrBMTTranLifetimeTimeout="300"/>
    <ldapRegistry baseDN="${LDAPUserRegistry_1_demo_data_vm1Node01Cell_ldapRegistry_baseDN_5}" bindDN="${LDAPUserRegistry_1_demo_data_vm1Node01Cell_ldapRegistry_bindDN}" bindPassword="${LDAPUserRegistry_1_demo_data_vm1Node01Cell_ldapRegistry_bindPassword}" host="${LDAPUserRegistry_1_demo_data_vm1Node01Cell_ldapRegistry_host_5}" id="LDAPUserRegistry_1_demo-data-vm1Node01Cell" ldapType="Custom" port="${LDAPUserRegistry_1_demo_data_vm1Node01Cell_ldapRegistry_port_5}" realm="9.30.189.7:10389" searchTimeout="120s">
        <customFilters groupFilter="(&amp;(cn=%v)(objectclass=Group))" groupMemberIdMap="Group:member" id="LDAPUserRegistry_1_demo-data-vm1Node01Cell_customFilters" userFilter="(&amp;(uid=%v)(objectclass=inetOrgPerson))"/>
    </ldapRegistry>
    <!--<keyStore id="NodeDefaultKeyStore_demo-data-vm1Node01Cell_KeyStore_demo-data-vm1Node01_1" location="${NodeDefaultKeyStore_demo_data_vm1Node01Cell_KeyStore_demo_data_vm1Node01_1_location}" password="${NodeDefaultKeyStore_demo_data_vm1Node01Cell_KeyStore_demo_data_vm1Node01_1_password}"/>-->
    <!--<keyStore id="NodeDefaultTrustStore_demo-data-vm1Node01Cell_KeyStore_demo-data-vm1Node01_2" location="${NodeDefaultTrustStore_demo_data_vm1Node01Cell_KeyStore_demo_data_vm1Node01_2_location}" password="${NodeDefaultTrustStore_demo_data_vm1Node01Cell_KeyStore_demo_data_vm1Node01_2_password}"/>-->
    <!--<ssl id="NodeDefaultSSLSettings_demo-data-vm1Node01Cell_SSLConfig_demo-data-vm1Node01_1" keyStoreRef="NodeDefaultKeyStore_demo-data-vm1Node01Cell_KeyStore_demo-data-vm1Node01_1" sslProtocol="${NodeDefaultSSLSettings_demo_data_vm1Node01Cell_SSLConfig_demo_data_vm1Node01_1_sslProtocol}" trustStoreRef="NodeDefaultTrustStore_demo-data-vm1Node01Cell_KeyStore_demo-data-vm1Node01_2"/>-->
    <!--<sslDefault sslRef="NodeDefaultSSLSettings_demo-data-vm1Node01Cell_SSLConfig_demo-data-vm1Node01_1"/>-->
    <!-- The following variables, which often differ between environments, have been extracted from the migrated configuration to allow for easy substitution. -->
    <variable defaultValue="/opt/IBM/WebSphere/AppServer/deploytool/itp/plugins/com.ibm.datatools.db2_2.2.200.v20150728_2354/driver" name="DB2UNIVERSAL_JDBC_DRIVER_PATH"/>
    <variable defaultValue="*" name="httpEndpoint_host_5"/>
    <variable defaultValue="9080" name="httpEndpoint_port_5"/>
    <variable defaultValue="9443" name="httpEndpoint_secure_port_5"/>
    <variable defaultValue="ou=people,dc=planetexpress,dc=com" name="LDAPUserRegistry_1_demo_data_vm1Node01Cell_ldapRegistry_baseDN_5"/>
    <variable defaultValue="9.30.189.7" name="LDAPUserRegistry_1_demo_data_vm1Node01Cell_ldapRegistry_host_5"/>
    <variable defaultValue="10389" name="LDAPUserRegistry_1_demo_data_vm1Node01Cell_ldapRegistry_port_5"/>
    <variable defaultValue="PROD01" name="ModResortsDs_demo_data_vm1Node01_DataSource_1712416386935_databaseName"/>
    <variable defaultValue="50000" name="ModResortsDs_demo_data_vm1Node01_DataSource_1712416386935_portNumber"/>
    <variable defaultValue="localhost" name="ModResortsDs_demo_data_vm1Node01_DataSource_1712416386935_serverName"/>
    <!--<variable defaultValue="ModResorts_ear_demo-data-vm1Node01_NodeDefaultKeyStore_key.p12" name="NodeDefaultKeyStore_demo_data_vm1Node01Cell_KeyStore_demo_data_vm1Node01_1_location"/>-->
    <variable defaultValue="TLS" name="NodeDefaultSSLSettings_demo_data_vm1Node01Cell_SSLConfig_demo_data_vm1Node01_1_sslProtocol"/>
    <!--<variable defaultValue="ModResorts_ear_demo-data-vm1Node01_NodeDefaultTrustStore_trust.p12" name="NodeDefaultTrustStore_demo_data_vm1Node01Cell_KeyStore_demo_data_vm1Node01_2_location"/>-->
    <variable defaultValue="${WAS_INSTALL_ROOT}/universalDriver/lib" name="UNIVERSAL_JDBC_DRIVER_PATH"/>
    <!-- The following variables are used to replace sensitive data in the server.xml file for the application.
         The values for these variables were not collected because the includeSensitiveData option was not specified.
    -->
    <variable defaultValue="" name="demo_data_vm1Node01_prod01AuthAlias_password"/>
    <variable defaultValue="" name="demo_data_vm1Node01_prod01AuthAlias_user"/>
    <variable defaultValue="" name="LDAPUserRegistry_1_demo_data_vm1Node01Cell_ldapRegistry_bindDN"/>
    <variable defaultValue="" name="LDAPUserRegistry_1_demo_data_vm1Node01Cell_ldapRegistry_bindPassword"/>
    <!--<variable defaultValue="" name="NodeDefaultKeyStore_demo_data_vm1Node01Cell_KeyStore_demo_data_vm1Node01_1_password"/>-->
    <!--<variable defaultValue="" name="NodeDefaultTrustStore_demo_data_vm1Node01Cell_KeyStore_demo_data_vm1Node01_2_password"/>-->
</server>
