{
   "domain": "javaAppServer",
   "middleware": "was",
   "host": "demo-data-vm1.fyre.ibm.com",
   "assessmentUnitName": "BinScan.ear",
   "applicationName": "BinScan.ear",
   "checksum": "95a433a5f6173facb58cb3914122ae6311a60a45e664cc58510874c54e4c4475",
   "dcVersion": "",
   "binaryScannerVersion": "24.0.0.1",
   "collectionUnitType": "profile",
   "collectionUnitName": "AppSrv01",
   "isVirtual": "false",
   "serverXml": {
      "server": {
         "applicationManager": {
            "autoExpand": "true"
         },
         "description": "Configuration generated by binaryAppScanner",
         "featureManager": {
            "feature": [
               "appSecurity-2.0",
               "jndi-1.0",
               "ldapRegistry-3.0",
               "servlet-3.1"
            ]
         },
         "httpEndpoint": {
            "host": "${httpEndpoint_host}",
            "httpPort": "${httpEndpoint_port}",
            "httpsPort": "${httpEndpoint_secure_port}",
            "id": "defaultHttpEndpoint"
         },
         "jndiEntry": {
            "id": "maxUserConnections_StringNameSpaceBinding_1681746580045",
            "jndiName": "cell/persistent/maxUserConnections",
            "value": "\"101\""
         },
         "keyStore": [
            {
               "id": "NodeDefaultKeyStore_demo-data-vm1Node01Cell_KeyStore_demo-data-vm1Node01_1",
               "location": "${NodeDefaultKeyStore_demo_data_vm1Node01Cell_KeyStore_demo_data_vm1Node01_1_location}",
               "password": "${NodeDefaultKeyStore_demo_data_vm1Node01Cell_KeyStore_demo_data_vm1Node01_1_password}"
            },
            {
               "id": "NodeDefaultTrustStore_demo-data-vm1Node01Cell_KeyStore_demo-data-vm1Node01_2",
               "location": "${NodeDefaultTrustStore_demo_data_vm1Node01Cell_KeyStore_demo_data_vm1Node01_2_location}",
               "password": "${NodeDefaultTrustStore_demo_data_vm1Node01Cell_KeyStore_demo_data_vm1Node01_2_password}"
            }
         ],
         "ldapRegistry": {
            "baseDN": "${LDAPUserRegistry_1_demo_data_vm1Node01Cell_ldapRegistry_baseDN}",
            "bindDN": "${LDAPUserRegistry_1_demo_data_vm1Node01Cell_ldapRegistry_bindDN}",
            "bindPassword": "${LDAPUserRegistry_1_demo_data_vm1Node01Cell_ldapRegistry_bindPassword}",
            "customFilters": {
               "groupFilter": "(&(cn=%v)(objectclass=Group))",
               "groupMemberIdMap": "Group:member",
               "id": "LDAPUserRegistry_1_demo-data-vm1Node01Cell_customFilters",
               "userFilter": "(&(uid=%v)(objectclass=inetOrgPerson))"
            },
            "host": "${LDAPUserRegistry_1_demo_data_vm1Node01Cell_ldapRegistry_host}",
            "id": "LDAPUserRegistry_1_demo-data-vm1Node01Cell",
            "ldapType": "Custom",
            "port": "${LDAPUserRegistry_1_demo_data_vm1Node01Cell_ldapRegistry_port}",
            "realm": "9.30.189.7:10389",
            "searchTimeout": "120s"
         },
         "ssl": {
            "id": "NodeDefaultSSLSettings_demo-data-vm1Node01Cell_SSLConfig_demo-data-vm1Node01_1",
            "keyStoreRef": "NodeDefaultKeyStore_demo-data-vm1Node01Cell_KeyStore_demo-data-vm1Node01_1",
            "sslProtocol": "${NodeDefaultSSLSettings_demo_data_vm1Node01Cell_SSLConfig_demo_data_vm1Node01_1_sslProtocol}",
            "trustStoreRef": "NodeDefaultTrustStore_demo-data-vm1Node01Cell_KeyStore_demo-data-vm1Node01_2"
         },
         "sslDefault": {
            "sslRef": "NodeDefaultSSLSettings_demo-data-vm1Node01Cell_SSLConfig_demo-data-vm1Node01_1"
         },
         "transaction": {
            "propogatedOrBMTTranLifetimeTimeout": "300"
         },
         "variable": [
            {
               "defaultValue": "*",
               "name": "httpEndpoint_host"
            },
            {
               "defaultValue": "9080",
               "name": "httpEndpoint_port"
            },
            {
               "defaultValue": "9443",
               "name": "httpEndpoint_secure_port"
            },
            {
               "defaultValue": "ou=people,dc=planetexpress,dc=com",
               "name": "LDAPUserRegistry_1_demo_data_vm1Node01Cell_ldapRegistry_baseDN"
            },
            {
               "defaultValue": "9.30.189.7",
               "name": "LDAPUserRegistry_1_demo_data_vm1Node01Cell_ldapRegistry_host"
            },
            {
               "defaultValue": "10389",
               "name": "LDAPUserRegistry_1_demo_data_vm1Node01Cell_ldapRegistry_port"
            },
            {
               "defaultValue": "BinScan_ear_demo-data-vm1Node01_NodeDefaultKeyStore_key.p12",
               "name": "NodeDefaultKeyStore_demo_data_vm1Node01Cell_KeyStore_demo_data_vm1Node01_1_location"
            },
            {
               "defaultValue": "TLS",
               "name": "NodeDefaultSSLSettings_demo_data_vm1Node01Cell_SSLConfig_demo_data_vm1Node01_1_sslProtocol"
            },
            {
               "defaultValue": "BinScan_ear_demo-data-vm1Node01_NodeDefaultTrustStore_trust.p12",
               "name": "NodeDefaultTrustStore_demo_data_vm1Node01Cell_KeyStore_demo_data_vm1Node01_2_location"
            },
            {
               "defaultValue": "",
               "name": "LDAPUserRegistry_1_demo_data_vm1Node01Cell_ldapRegistry_bindDN"
            },
            {
               "defaultValue": "",
               "name": "LDAPUserRegistry_1_demo_data_vm1Node01Cell_ldapRegistry_bindPassword"
            },
            {
               "defaultValue": "",
               "name": "NodeDefaultKeyStore_demo_data_vm1Node01Cell_KeyStore_demo_data_vm1Node01_1_password"
            },
            {
               "defaultValue": "",
               "name": "NodeDefaultTrustStore_demo_data_vm1Node01Cell_KeyStore_demo_data_vm1Node01_2_password"
            }
         ],
         "webApplication": {
            "contextRoot": "/BinScan",
            "id": "BinScan.ear",
            "location": "bin-scan-debug-1.0.0.war"
         }
      }
   }
}