{
   "domain": "javaAppServer",
   "middleware": "was",
   "host": "demo-data-vm1.fyre.ibm.com",
   "assessmentUnitName": "DemoRPC.ear",
   "applicationName": "DemoRPC.ear",
   "checksum": "f06df5f571d6b074833af7079a9429dd96d0d567242e35b2b6089d892d6a9fc2",
   "dcVersion": "",
   "binaryScannerVersion": "24.0.0.1",
   "collectionUnitType": "profile",
   "collectionUnitName": "AppSrv01",
   "isVirtual": "false",
   "serverXml": {
      "server": {
         "applicationManager": {
            "autoExpand": "true"
         },
         "description": "Configuration generated by binaryAppScanner",
         "featureManager": {
            "feature": [
               "appSecurity-2.0",
               "jaxws-2.2",
               "jsp-2.3",
               "ldapRegistry-3.0",
               "servlet-3.1"
            ]
         },
         "httpEndpoint": {
            "host": "${httpEndpoint_host_2}",
            "httpPort": "${httpEndpoint_port_2}",
            "httpsPort": "${httpEndpoint_secure_port_2}",
            "id": "defaultHttpEndpoint"
         },
         "keyStore": [
            {
               "id": "NodeDefaultKeyStore_demo-data-vm1Node01Cell_KeyStore_demo-data-vm1Node01_1",
               "location": "${NodeDefaultKeyStore_demo_data_vm1Node01Cell_KeyStore_demo_data_vm1Node01_1_location}",
               "password": "${NodeDefaultKeyStore_demo_data_vm1Node01Cell_KeyStore_demo_data_vm1Node01_1_password}"
            },
            {
               "id": "NodeDefaultTrustStore_demo-data-vm1Node01Cell_KeyStore_demo-data-vm1Node01_2",
               "location": "${NodeDefaultTrustStore_demo_data_vm1Node01Cell_KeyStore_demo_data_vm1Node01_2_location}",
               "password": "${NodeDefaultTrustStore_demo_data_vm1Node01Cell_KeyStore_demo_data_vm1Node01_2_password}"
            }
         ],
         "ldapRegistry": {
            "baseDN": "${LDAPUserRegistry_1_demo_data_vm1Node01Cell_ldapRegistry_baseDN_2}",
            "bindDN": "${LDAPUserRegistry_1_demo_data_vm1Node01Cell_ldapRegistry_bindDN}",
            "bindPassword": "${LDAPUserRegistry_1_demo_data_vm1Node01Cell_ldapRegistry_bindPassword}",
            "customFilters": {
               "groupFilter": "(&(cn=%v)(objectclass=Group))",
               "groupMemberIdMap": "Group:member",
               "id": "LDAPUserRegistry_1_demo-data-vm1Node01Cell_customFilters",
               "userFilter": "(&(uid=%v)(objectclass=inetOrgPerson))"
            },
            "host": "${LDAPUserRegistry_1_demo_data_vm1Node01Cell_ldapRegistry_host_2}",
            "id": "LDAPUserRegistry_1_demo-data-vm1Node01Cell",
            "ldapType": "Custom",
            "port": "${LDAPUserRegistry_1_demo_data_vm1Node01Cell_ldapRegistry_port_2}",
            "realm": "9.30.189.7:10389",
            "searchTimeout": "120s"
         },
         "ssl": {
            "id": "NodeDefaultSSLSettings_demo-data-vm1Node01Cell_SSLConfig_demo-data-vm1Node01_1",
            "keyStoreRef": "NodeDefaultKeyStore_demo-data-vm1Node01Cell_KeyStore_demo-data-vm1Node01_1",
            "sslProtocol": "${NodeDefaultSSLSettings_demo_data_vm1Node01Cell_SSLConfig_demo_data_vm1Node01_1_sslProtocol}",
            "trustStoreRef": "NodeDefaultTrustStore_demo-data-vm1Node01Cell_KeyStore_demo-data-vm1Node01_2"
         },
         "sslDefault": {
            "sslRef": "NodeDefaultSSLSettings_demo-data-vm1Node01Cell_SSLConfig_demo-data-vm1Node01_1"
         },
         "transaction": {
            "propogatedOrBMTTranLifetimeTimeout": "300"
         },
         "variable": [
            {
               "defaultValue": "*",
               "name": "httpEndpoint_host_2"
            },
            {
               "defaultValue": "9080",
               "name": "httpEndpoint_port_2"
            },
            {
               "defaultValue": "9443",
               "name": "httpEndpoint_secure_port_2"
            },
            {
               "defaultValue": "ou=people,dc=planetexpress,dc=com",
               "name": "LDAPUserRegistry_1_demo_data_vm1Node01Cell_ldapRegistry_baseDN_2"
            },
            {
               "defaultValue": "9.30.189.7",
               "name": "LDAPUserRegistry_1_demo_data_vm1Node01Cell_ldapRegistry_host_2"
            },
            {
               "defaultValue": "10389",
               "name": "LDAPUserRegistry_1_demo_data_vm1Node01Cell_ldapRegistry_port_2"
            },
            {
               "defaultValue": "DemoRPC_ear_demo-data-vm1Node01_NodeDefaultKeyStore_key.p12",
               "name": "NodeDefaultKeyStore_demo_data_vm1Node01Cell_KeyStore_demo_data_vm1Node01_1_location"
            },
            {
               "defaultValue": "TLS",
               "name": "NodeDefaultSSLSettings_demo_data_vm1Node01Cell_SSLConfig_demo_data_vm1Node01_1_sslProtocol"
            },
            {
               "defaultValue": "DemoRPC_ear_demo-data-vm1Node01_NodeDefaultTrustStore_trust.p12",
               "name": "NodeDefaultTrustStore_demo_data_vm1Node01Cell_KeyStore_demo_data_vm1Node01_2_location"
            },
            {
               "defaultValue": "",
               "name": "LDAPUserRegistry_1_demo_data_vm1Node01Cell_ldapRegistry_bindDN"
            },
            {
               "defaultValue": "",
               "name": "LDAPUserRegistry_1_demo_data_vm1Node01Cell_ldapRegistry_bindPassword"
            },
            {
               "defaultValue": "",
               "name": "NodeDefaultKeyStore_demo_data_vm1Node01Cell_KeyStore_demo_data_vm1Node01_1_password"
            },
            {
               "defaultValue": "",
               "name": "NodeDefaultTrustStore_demo_data_vm1Node01Cell_KeyStore_demo_data_vm1Node01_2_password"
            }
         ],
         "webApplication": {
            "contextRoot": "/Tea",
            "id": "DemoRPC.ear",
            "location": "DemoRPC-0.0.1-SNAPSHOT.war"
         }
      }
   }
}