{
   "productInf": [
      {
         "name": "IBM SDK, Java Technology Edition, Version 8",
         "id": "JAVA8",
         "version": "8.0.5.35",
         "buildDate": "04/18/19",
         "buildLevel": "pxa6480sr5fp35-20190418_01"
      },
      {
         "name": "IBM WebSphere Application Server",
         "id": "BASE",
         "version": "9.0.5.15",
         "buildDate": "3/21/23",
         "buildLevel": "f5152312.01"
      }
   ],
   "profiles": [
      {
         "name": "AppSrv01",
         "profilePath": "/opt/IBM/WebSphere/AppServer/profiles/AppSrv01",
         "cellName": "demo-data-vm1Node01Cell",
         "servers": [
            {
               "name": "demo-data-vm1Node01/server1",
               "displayName": "",
               "serverType": "APPLICATION_SERVER"
            }
         ],
         "clusterNames": [
         ],
         "clusterInfo": [
         ],
         "applications": [
            "/opt/IBM/WebSphere/AppServer/profiles/AppSrv01/config/cells/demo-data-vm1Node01Cell/applications/BinScan.ear/BinScan.ear",
            "/opt/IBM/WebSphere/AppServer/profiles/AppSrv01/config/cells/demo-data-vm1Node01Cell/applications/CostCenter.ear/CostCenter.ear",
            "/opt/IBM/WebSphere/AppServer/profiles/AppSrv01/config/cells/demo-data-vm1Node01Cell/applications/DemoRPC.ear/DemoRPC.ear",
            "/opt/IBM/WebSphere/AppServer/profiles/AppSrv01/config/cells/demo-data-vm1Node01Cell/applications/JaxRpcClient.ear/JaxRpcClient.ear",
            "/opt/IBM/WebSphere/AppServer/profiles/AppSrv01/config/cells/demo-data-vm1Node01Cell/applications/JaxRpcService.ear/JaxRpcService.ear",
            "/opt/IBM/WebSphere/AppServer/profiles/AppSrv01/config/cells/demo-data-vm1Node01Cell/applications/ModResorts.ear/ModResorts.ear",
            "/opt/IBM/WebSphere/AppServer/profiles/AppSrv01/config/cells/demo-data-vm1Node01Cell/applications/ModResortsMBean.ear/ModResortsMBean.ear",
            "/opt/IBM/WebSphere/AppServer/profiles/AppSrv01/config/cells/demo-data-vm1Node01Cell/applications/MyAppFriNew.ear/MyAppFriNew.ear",
            "/opt/IBM/WebSphere/AppServer/profiles/AppSrv01/config/cells/demo-data-vm1Node01Cell/applications/MyPO.ear/MyPO.ear",
            "/opt/IBM/WebSphere/AppServer/profiles/AppSrv01/config/cells/demo-data-vm1Node01Cell/applications/TestAuth.ear/TestAuth.ear",
            "/opt/IBM/WebSphere/AppServer/profiles/AppSrv01/config/cells/demo-data-vm1Node01Cell/applications/gold-accounts-payable.ear/gold-accounts-payable.ear",
            "/opt/IBM/WebSphere/AppServer/profiles/AppSrv01/config/cells/demo-data-vm1Node01Cell/applications/gold-accounts-receivable.ear/gold-accounts-receivable.ear",
            "/opt/IBM/WebSphere/AppServer/profiles/AppSrv01/config/cells/demo-data-vm1Node01Cell/applications/gold-budgeting.ear/gold-budgeting.ear",
            "/opt/IBM/WebSphere/AppServer/profiles/AppSrv01/config/cells/demo-data-vm1Node01Cell/applications/gold-compliance.ear/gold-compliance.ear",
            "/opt/IBM/WebSphere/AppServer/profiles/AppSrv01/config/cells/demo-data-vm1Node01Cell/applications/gold-forecasting.ear/gold-forecasting.ear",
            "/opt/IBM/WebSphere/AppServer/profiles/AppSrv01/config/cells/demo-data-vm1Node01Cell/applications/gold-payroll.ear/gold-payroll.ear",
            "/opt/IBM/WebSphere/AppServer/profiles/AppSrv01/config/cells/demo-data-vm1Node01Cell/applications/gold-tax.ear/gold-tax.ear"
         ],
         "appsInfo": [
            {
               "name": "BinScan.ear",
               "path": "/opt/IBM/WebSphere/AppServer/profiles/AppSrv01/config/cells/demo-data-vm1Node01Cell/applications/BinScan.ear/BinScan.ear",
               "hasSharedLibrary": false,
               "server": ""
            },
            {
               "name": "CostCenter.ear",
               "path": "/opt/IBM/WebSphere/AppServer/profiles/AppSrv01/config/cells/demo-data-vm1Node01Cell/applications/CostCenter.ear/CostCenter.ear",
               "hasSharedLibrary": false,
               "server": ""
            },
            {
               "name": "DemoRPC.ear",
               "path": "/opt/IBM/WebSphere/AppServer/profiles/AppSrv01/config/cells/demo-data-vm1Node01Cell/applications/DemoRPC.ear/DemoRPC.ear",
               "hasSharedLibrary": false,
               "server": ""
            },
            {
               "name": "JaxRpcClient.ear",
               "path": "/opt/IBM/WebSphere/AppServer/profiles/AppSrv01/config/cells/demo-data-vm1Node01Cell/applications/JaxRpcClient.ear/JaxRpcClient.ear",
               "hasSharedLibrary": false,
               "server": ""
            },
            {
               "name": "JaxRpcService.ear",
               "path": "/opt/IBM/WebSphere/AppServer/profiles/AppSrv01/config/cells/demo-data-vm1Node01Cell/applications/JaxRpcService.ear/JaxRpcService.ear",
               "hasSharedLibrary": false,
               "server": ""
            },
            {
               "name": "ModResorts.ear",
               "path": "/opt/IBM/WebSphere/AppServer/profiles/AppSrv01/config/cells/demo-data-vm1Node01Cell/applications/ModResorts.ear/ModResorts.ear",
               "hasSharedLibrary": false,
               "server": ""
            },
            {
               "name": "ModResortsMBean.ear",
               "path": "/opt/IBM/WebSphere/AppServer/profiles/AppSrv01/config/cells/demo-data-vm1Node01Cell/applications/ModResortsMBean.ear/ModResortsMBean.ear",
               "hasSharedLibrary": false,
               "server": ""
            },
            {
               "name": "MyAppFriNew.ear",
               "path": "/opt/IBM/WebSphere/AppServer/profiles/AppSrv01/config/cells/demo-data-vm1Node01Cell/applications/MyAppFriNew.ear/MyAppFriNew.ear",
               "hasSharedLibrary": false,
               "server": ""
            },
            {
               "name": "MyPO.ear",
               "path": "/opt/IBM/WebSphere/AppServer/profiles/AppSrv01/config/cells/demo-data-vm1Node01Cell/applications/MyPO.ear/MyPO.ear",
               "hasSharedLibrary": false,
               "server": ""
            },
            {
               "name": "TestAuth.ear",
               "path": "/opt/IBM/WebSphere/AppServer/profiles/AppSrv01/config/cells/demo-data-vm1Node01Cell/applications/TestAuth.ear/TestAuth.ear",
               "hasSharedLibrary": false,
               "server": ""
            },
            {
               "name": "gold-accounts-payable.ear",
               "path": "/opt/IBM/WebSphere/AppServer/profiles/AppSrv01/config/cells/demo-data-vm1Node01Cell/applications/gold-accounts-payable.ear/gold-accounts-payable.ear",
               "hasSharedLibrary": false,
               "server": ""
            },
            {
               "name": "gold-accounts-receivable.ear",
               "path": "/opt/IBM/WebSphere/AppServer/profiles/AppSrv01/config/cells/demo-data-vm1Node01Cell/applications/gold-accounts-receivable.ear/gold-accounts-receivable.ear",
               "hasSharedLibrary": false,
               "server": ""
            },
            {
               "name": "gold-budgeting.ear",
               "path": "/opt/IBM/WebSphere/AppServer/profiles/AppSrv01/config/cells/demo-data-vm1Node01Cell/applications/gold-budgeting.ear/gold-budgeting.ear",
               "hasSharedLibrary": false,
               "server": ""
            },
            {
               "name": "gold-compliance.ear",
               "path": "/opt/IBM/WebSphere/AppServer/profiles/AppSrv01/config/cells/demo-data-vm1Node01Cell/applications/gold-compliance.ear/gold-compliance.ear",
               "hasSharedLibrary": false,
               "server": ""
            },
            {
               "name": "gold-forecasting.ear",
               "path": "/opt/IBM/WebSphere/AppServer/profiles/AppSrv01/config/cells/demo-data-vm1Node01Cell/applications/gold-forecasting.ear/gold-forecasting.ear",
               "hasSharedLibrary": false,
               "server": ""
            },
            {
               "name": "gold-payroll.ear",
               "path": "/opt/IBM/WebSphere/AppServer/profiles/AppSrv01/config/cells/demo-data-vm1Node01Cell/applications/gold-payroll.ear/gold-payroll.ear",
               "hasSharedLibrary": false,
               "server": ""
            },
            {
               "name": "gold-tax.ear",
               "path": "/opt/IBM/WebSphere/AppServer/profiles/AppSrv01/config/cells/demo-data-vm1Node01Cell/applications/gold-tax.ear/gold-tax.ear",
               "hasSharedLibrary": false,
               "server": ""
            }
         ],
         "isStandalone": true,
         "webSphereVersion": "was90",
         "javaVersion": "ibm8",
         "appsFound": true,
         "sharedLibraries": [
         ],
         "serverClasspath": [
         ],
         "webSphereVariables": [
            {
               "name": "APP_INSTALL_ROOT",
               "scope": "/opt/IBM/WebSphere/AppServer/profiles/AppSrv01/config/cells/demo-data-vm1Node01Cell/nodes/demo-data-vm1Node01",
               "value": "/opt/IBM/WebSphere/AppServer/profiles/AppSrv01/installedApps"
            },
            {
               "name": "CONNECTJDBC_JDBC_DRIVER_PATH",
               "scope": "/opt/IBM/WebSphere/AppServer/profiles/AppSrv01/config/cells/demo-data-vm1Node01Cell/nodes/demo-data-vm1Node01",
               "value": ""
            },
            {
               "name": "CONNECTOR_INSTALL_ROOT",
               "scope": "/opt/IBM/WebSphere/AppServer/profiles/AppSrv01/config/cells/demo-data-vm1Node01Cell/nodes/demo-data-vm1Node01",
               "value": "/opt/IBM/WebSphere/AppServer/profiles/AppSrv01/installedConnectors"
            },
            {
               "name": "DB2390_JDBC_DRIVER_PATH",
               "scope": "/opt/IBM/WebSphere/AppServer/profiles/AppSrv01/config/cells/demo-data-vm1Node01Cell/nodes/demo-data-vm1Node01",
               "value": ""
            },
            {
               "name": "DB2UNIVERSAL_JDBC_DRIVER_NATIVEPATH",
               "scope": "/opt/IBM/WebSphere/AppServer/profiles/AppSrv01/config/cells/demo-data-vm1Node01Cell/nodes/demo-data-vm1Node01",
               "value": ""
            },
            {
               "name": "DB2UNIVERSAL_JDBC_DRIVER_PATH",
               "scope": "/opt/IBM/WebSphere/AppServer/profiles/AppSrv01/config/cells/demo-data-vm1Node01Cell/nodes/demo-data-vm1Node01",
               "value": "/opt/IBM/WebSphere/AppServer/deploytool/itp/plugins/com.ibm.datatools.db2_2.2.200.v20150728_2354/driver"
            },
            {
               "name": "DB2_JCC_DRIVER_NATIVEPATH",
               "scope": "/opt/IBM/WebSphere/AppServer/profiles/AppSrv01/config/cells/demo-data-vm1Node01Cell/nodes/demo-data-vm1Node01",
               "value": ""
            },
            {
               "name": "DB2_JCC_DRIVER_PATH",
               "scope": "/opt/IBM/WebSphere/AppServer/profiles/AppSrv01/config/cells/demo-data-vm1Node01Cell/nodes/demo-data-vm1Node01",
               "value": ""
            },
            {
               "name": "DB2_JDBC_DRIVER_PATH",
               "scope": "/opt/IBM/WebSphere/AppServer/profiles/AppSrv01/config/cells/demo-data-vm1Node01Cell/nodes/demo-data-vm1Node01",
               "value": ""
            },
            {
               "name": "DEPLOY_TOOL_ROOT",
               "scope": "/opt/IBM/WebSphere/AppServer/profiles/AppSrv01/config/cells/demo-data-vm1Node01Cell/nodes/demo-data-vm1Node01",
               "value": "/opt/IBM/WebSphere/AppServer/deploytool/itp"
            },
            {
               "name": "DERBY_JDBC_DRIVER_PATH",
               "scope": "/opt/IBM/WebSphere/AppServer/profiles/AppSrv01/config/cells/demo-data-vm1Node01Cell",
               "value": "${WAS_INSTALL_ROOT}/derby/lib"
            },
            {
               "name": "DERBY_JDBC_DRIVER_PATH",
               "scope": "/opt/IBM/WebSphere/AppServer/profiles/AppSrv01/config/cells/demo-data-vm1Node01Cell/nodes/demo-data-vm1Node01",
               "value": "/opt/IBM/WebSphere/AppServer/derby/lib"
            },
            {
               "name": "DRIVER_PATH",
               "scope": "/opt/IBM/WebSphere/AppServer/profiles/AppSrv01/config/cells/demo-data-vm1Node01Cell/nodes/demo-data-vm1Node01",
               "value": "/opt/IBM/WebSphere/AppServer"
            },
            {
               "name": "GRID_ENDPOINT_DATASOURCE",
               "scope": "/opt/IBM/WebSphere/AppServer/profiles/AppSrv01/config/cells/demo-data-vm1Node01Cell",
               "value": "jdbc/pgc"
            },
            {
               "name": "GRID_JOBLOG_ROOT",
               "scope": "/opt/IBM/WebSphere/AppServer/profiles/AppSrv01/config/cells/demo-data-vm1Node01Cell",
               "value": "/opt/IBM/WebSphere/AppServer/profiles/AppSrv01"
            },
            {
               "name": "INFORMIX_JCC_DRIVER_PATH",
               "scope": "/opt/IBM/WebSphere/AppServer/profiles/AppSrv01/config/cells/demo-data-vm1Node01Cell/nodes/demo-data-vm1Node01",
               "value": ""
            },
            {
               "name": "INFORMIX_JDBC_DRIVER_PATH",
               "scope": "/opt/IBM/WebSphere/AppServer/profiles/AppSrv01/config/cells/demo-data-vm1Node01Cell/nodes/demo-data-vm1Node01",
               "value": ""
            },
            {
               "name": "JAVA_HOME",
               "scope": "/opt/IBM/WebSphere/AppServer/profiles/AppSrv01/config/cells/demo-data-vm1Node01Cell/nodes/demo-data-vm1Node01",
               "value": "/opt/IBM/WebSphere/AppServer/java/8.0"
            },
            {
               "name": "JVM_CACHE",
               "scope": "/opt/IBM/WebSphere/AppServer/profiles/AppSrv01/config/cells/demo-data-vm1Node01Cell/nodes/demo-data-vm1Node01",
               "value": ""
            },
            {
               "name": "LOCALHOST_NAME",
               "scope": "/opt/IBM/WebSphere/AppServer/profiles/AppSrv01/config/cells/demo-data-vm1Node01Cell/nodes/demo-data-vm1Node01",
               "value": "localhost"
            },
            {
               "name": "LOG_ROOT",
               "scope": "/opt/IBM/WebSphere/AppServer/profiles/AppSrv01/config/cells/demo-data-vm1Node01Cell/nodes/demo-data-vm1Node01",
               "value": "/opt/IBM/WebSphere/AppServer/profiles/AppSrv01/logs"
            },
            {
               "name": "MICROSOFT_JDBC_DRIVER_NATIVEPATH",
               "scope": "/opt/IBM/WebSphere/AppServer/profiles/AppSrv01/config/cells/demo-data-vm1Node01Cell/nodes/demo-data-vm1Node01",
               "value": ""
            },
            {
               "name": "MICROSOFT_JDBC_DRIVER_PATH",
               "scope": "/opt/IBM/WebSphere/AppServer/profiles/AppSrv01/config/cells/demo-data-vm1Node01Cell/nodes/demo-data-vm1Node01",
               "value": ""
            },
            {
               "name": "MQ_INSTALL_ROOT",
               "scope": "/opt/IBM/WebSphere/AppServer/profiles/AppSrv01/config/cells/demo-data-vm1Node01Cell/nodes/demo-data-vm1Node01",
               "value": "/opt/IBM/WebSphere/AppServer/lib/WMQ"
            },
            {
               "name": "ORACLE_JDBC_DRIVER_PATH",
               "scope": "/opt/IBM/WebSphere/AppServer/profiles/AppSrv01/config/cells/demo-data-vm1Node01Cell/nodes/demo-data-vm1Node01",
               "value": ""
            },
            {
               "name": "OS400_NATIVE_JDBC40_DRIVER_PATH",
               "scope": "/opt/IBM/WebSphere/AppServer/profiles/AppSrv01/config/cells/demo-data-vm1Node01Cell/nodes/demo-data-vm1Node01",
               "value": ""
            },
            {
               "name": "OS400_NATIVE_JDBC_DRIVER_PATH",
               "scope": "/opt/IBM/WebSphere/AppServer/profiles/AppSrv01/config/cells/demo-data-vm1Node01Cell/nodes/demo-data-vm1Node01",
               "value": ""
            },
            {
               "name": "OS400_TOOLBOX_JDBC_DRIVER_PATH",
               "scope": "/opt/IBM/WebSphere/AppServer/profiles/AppSrv01/config/cells/demo-data-vm1Node01Cell/nodes/demo-data-vm1Node01",
               "value": ""
            },
            {
               "name": "PUREQUERY_PATH",
               "scope": "/opt/IBM/WebSphere/AppServer/profiles/AppSrv01/config/cells/demo-data-vm1Node01Cell/nodes/demo-data-vm1Node01",
               "value": ""
            },
            {
               "name": "SERVER_LOG_ROOT",
               "scope": "/opt/IBM/WebSphere/AppServer/profiles/AppSrv01/config/cells/demo-data-vm1Node01Cell/nodes/demo-data-vm1Node01/servers/server1",
               "value": "/opt/IBM/WebSphere/AppServer/profiles/AppSrv01/logs/server1"
            },
            {
               "name": "SYBASE_JDBC_DRIVER_PATH",
               "scope": "/opt/IBM/WebSphere/AppServer/profiles/AppSrv01/config/cells/demo-data-vm1Node01Cell/nodes/demo-data-vm1Node01",
               "value": ""
            },
            {
               "name": "UNIVERSAL_JDBC_DRIVER_PATH",
               "scope": "/opt/IBM/WebSphere/AppServer/profiles/AppSrv01/config/cells/demo-data-vm1Node01Cell/nodes/demo-data-vm1Node01",
               "value": "/opt/IBM/WebSphere/AppServer/universalDriver/lib"
            },
            {
               "name": "USER_INSTALL_ROOT",
               "scope": "/opt/IBM/WebSphere/AppServer/profiles/AppSrv01/config/cells/demo-data-vm1Node01Cell/nodes/demo-data-vm1Node01",
               "value": "/opt/IBM/WebSphere/AppServer/profiles/AppSrv01"
            },
            {
               "name": "User-defined_JDBC_DRIVER_PATH",
               "scope": "/opt/IBM/WebSphere/AppServer/profiles/AppSrv01/config/cells/demo-data-vm1Node01Cell/nodes/demo-data-vm1Node01",
               "value": ""
            },
            {
               "name": "WAS_CELL_NAME",
               "scope": "/opt/IBM/WebSphere/AppServer/profiles/AppSrv01/config/cells/demo-data-vm1Node01Cell",
               "value": "demo-data-vm1Node01Cell"
            },
            {
               "name": "WAS_ETC_DIR",
               "scope": "/opt/IBM/WebSphere/AppServer/profiles/AppSrv01/config/cells/demo-data-vm1Node01Cell/nodes/demo-data-vm1Node01",
               "value": "/opt/IBM/WebSphere/AppServer/profiles/AppSrv01/etc"
            },
            {
               "name": "WAS_INSTALL_LIBRARY",
               "scope": "/opt/IBM/WebSphere/AppServer/profiles/AppSrv01/config/cells/demo-data-vm1Node01Cell/nodes/demo-data-vm1Node01",
               "value": "$(was.install.library)"
            },
            {
               "name": "WAS_INSTALL_ROOT",
               "scope": "/opt/IBM/WebSphere/AppServer/profiles/AppSrv01/config/cells/demo-data-vm1Node01Cell/nodes/demo-data-vm1Node01",
               "value": "/opt/IBM/WebSphere/AppServer"
            },
            {
               "name": "WAS_LIBS_DIR",
               "scope": "/opt/IBM/WebSphere/AppServer/profiles/AppSrv01/config/cells/demo-data-vm1Node01Cell/nodes/demo-data-vm1Node01",
               "value": "/opt/IBM/WebSphere/AppServer/lib"
            },
            {
               "name": "WAS_PROPS_DIR",
               "scope": "/opt/IBM/WebSphere/AppServer/profiles/AppSrv01/config/cells/demo-data-vm1Node01Cell/nodes/demo-data-vm1Node01",
               "value": "/opt/IBM/WebSphere/AppServer/profiles/AppSrv01/properties"
            },
            {
               "name": "WAS_SERVER_NAME",
               "scope": "/opt/IBM/WebSphere/AppServer/profiles/AppSrv01/config/cells/demo-data-vm1Node01Cell/nodes/demo-data-vm1Node01/servers/server1",
               "value": "server1"
            },
            {
               "name": "WAS_TEMP_DIR",
               "scope": "/opt/IBM/WebSphere/AppServer/profiles/AppSrv01/config/cells/demo-data-vm1Node01Cell/nodes/demo-data-vm1Node01",
               "value": "/opt/IBM/WebSphere/AppServer/profiles/AppSrv01/temp"
            }
         ],
         "appArray": [
         ],
         "archive": {
            "domain": "javaAppServer",
            "archiveName": "AppSrv01",
            "archiveType": "profile",
            "assessmentUnits": [
               "BinScan.ear",
               "CostCenter.ear",
               "DemoRPC.ear",
               "JaxRpcClient.ear",
               "JaxRpcService.ear",
               "ModResorts.ear",
               "ModResortsMBean.ear",
               "MyAppFriNew.ear",
               "MyPO.ear",
               "TestAuth.ear",
               "gold-accounts-payable.ear",
               "gold-accounts-receivable.ear",
               "gold-budgeting.ear",
               "gold-compliance.ear",
               "gold-forecasting.ear",
               "gold-payroll.ear",
               "gold-tax.ear"
            ],
            "dcVersion": "",
            "binaryScannerVersion": "24.0.0.1",
            "middleware": "was",
            "host": "demo-data-vm1.fyre.ibm.com"
         },
         "ignoreMissingSharedLibrary": false,
         "ignoreMissingBinary": false,
         "scanBinaryLocation": false,
         "hasConfig": true,
         "locale": "en",
         "assessUnitNames": [
            "BinScan.ear",
            "CostCenter.ear",
            "DemoRPC.ear",
            "JaxRpcClient.ear",
            "JaxRpcService.ear",
            "ModResorts.ear",
            "ModResortsMBean.ear",
            "MyAppFriNew.ear",
            "MyPO.ear",
            "TestAuth.ear",
            "gold-accounts-payable.ear",
            "gold-accounts-receivable.ear",
            "gold-budgeting.ear",
            "gold-compliance.ear",
            "gold-forecasting.ear",
            "gold-payroll.ear",
            "gold-tax.ear"
         ]
      }
   ],
   "appsToScan_user": [
   ],
   "appsToSkip_user": [
   ],
   "scanNodeFlag": false,
   "ignoreMissingSharedLibrary": false,
   "ignoreMissingBinary": false,
   "scanBinaryLocation": false,
   "locale": "en"
}