<?xml version="1.0" encoding="UTF-8"?>
<server description="Configuration generated by binaryAppScanner">
    <featureManager>
        <!--The following features are available in all editions of Liberty.-->
        <feature>appSecurity-2.0</feature>
        <feature>jsp-2.3</feature>
        <feature>ldapRegistry-3.0</feature>
        <feature>servlet-3.1</feature>
        <!--The following features are available in all editions of Liberty, except for Liberty Core.-->
        <feature>jms-2.0</feature>
    </featureManager>

    <!-- This configuration was migrated on 4/6/24 at 8:28:04 AM from the following location: /opt/IBM/WebSphere/AppServer/profiles/AppSrv01 -->
    <!-- The binary scanner does not support the migration of all WebSphere traditional configuration elements. Check the binary scanner documentation for the list of supported configuration elements. -->
    <applicationManager autoExpand="true"/>

    <httpEndpoint host="${httpEndpoint_host_8}" httpPort="${httpEndpoint_port_8}" httpsPort="${httpEndpoint_secure_port_8}" id="defaultHttpEndpoint"/>

    <webApplication contextRoot="/MyPO" id="MyPO.ear" location="my-posystem-1.0.0.war"/>

    <authData id="demo-data-vm1Node01/mmxMQ" password="${demo_data_vm1Node01_mmxMQ_password}" user="${demo_data_vm1Node01_mmxMQ_user}"/>

    <transaction propogatedOrBMTTranLifetimeTimeout="300"/>

    <jmsQueueConnectionFactory containerAuthDataRef="demo-data-vm1Node01/mmxMQ" id="MMXQueueConnectionFactory_demo-data-vm1Node01_MQQueueConnectionFactory_1680277838658" jndiName="jms/mmxCf">
        <properties.mqJmsRa channel="${MMXQueueConnectionFactory_demo_data_vm1Node01_MQQueueConnectionFactory_1680277838658_channel}" hostName="${MMXQueueConnectionFactory_demo_data_vm1Node01_MQQueueConnectionFactory_1680277838658_host}" queueManager="${MMXQueueConnectionFactory_demo_data_vm1Node01_MQQueueConnectionFactory_1680277838658_queueManager}" temporaryModel="SYSTEM.DEFAULT.MODEL.QUEUE"/>
    </jmsQueueConnectionFactory>

    <jmsQueue id="MMXQueue_demo-data-vm1Node01_MQQueue_1680278221800" jndiName="jms/mmxQueue">
        <properties.mqJmsRa baseQueueManagerName="MMX_QM" baseQueueName="${MMXQueue_demo_data_vm1Node01_MQQueue_1680278221800_baseQueueName}"/>
    </jmsQueue>

    <ldapRegistry baseDN="${LDAPUserRegistry_1_demo_data_vm1Node01Cell_ldapRegistry_baseDN_8}" bindDN="${LDAPUserRegistry_1_demo_data_vm1Node01Cell_ldapRegistry_bindDN}" bindPassword="${LDAPUserRegistry_1_demo_data_vm1Node01Cell_ldapRegistry_bindPassword}" host="${LDAPUserRegistry_1_demo_data_vm1Node01Cell_ldapRegistry_host_8}" id="LDAPUserRegistry_1_demo-data-vm1Node01Cell" ldapType="Custom" port="${LDAPUserRegistry_1_demo_data_vm1Node01Cell_ldapRegistry_port_8}" realm="9.30.189.7:10389" searchTimeout="120s">
        <customFilters groupFilter="(&amp;(cn=%v)(objectclass=Group))" groupMemberIdMap="Group:member" id="LDAPUserRegistry_1_demo-data-vm1Node01Cell_customFilters" userFilter="(&amp;(uid=%v)(objectclass=inetOrgPerson))"/>
    </ldapRegistry>

    <keyStore id="NodeDefaultKeyStore_demo-data-vm1Node01Cell_KeyStore_demo-data-vm1Node01_1" location="${NodeDefaultKeyStore_demo_data_vm1Node01Cell_KeyStore_demo_data_vm1Node01_1_location}" password="${NodeDefaultKeyStore_demo_data_vm1Node01Cell_KeyStore_demo_data_vm1Node01_1_password}"/>

    <keyStore id="NodeDefaultTrustStore_demo-data-vm1Node01Cell_KeyStore_demo-data-vm1Node01_2" location="${NodeDefaultTrustStore_demo_data_vm1Node01Cell_KeyStore_demo_data_vm1Node01_2_location}" password="${NodeDefaultTrustStore_demo_data_vm1Node01Cell_KeyStore_demo_data_vm1Node01_2_password}"/>

    <ssl id="NodeDefaultSSLSettings_demo-data-vm1Node01Cell_SSLConfig_demo-data-vm1Node01_1" keyStoreRef="NodeDefaultKeyStore_demo-data-vm1Node01Cell_KeyStore_demo-data-vm1Node01_1" sslProtocol="${NodeDefaultSSLSettings_demo_data_vm1Node01Cell_SSLConfig_demo_data_vm1Node01_1_sslProtocol}" trustStoreRef="NodeDefaultTrustStore_demo-data-vm1Node01Cell_KeyStore_demo-data-vm1Node01_2"/>

    <sslDefault sslRef="NodeDefaultSSLSettings_demo-data-vm1Node01Cell_SSLConfig_demo-data-vm1Node01_1"/>

    <resourceAdapter id="mqJmsRa" location="/path/to/wmq.jmsra.rar">
        <classloader apiTypeVisibility="spec, ibm-api, api, third-party"/>
    </resourceAdapter>

    <!-- The following variables, which often differ between environments, have been extracted from the migrated configuration to allow for easy substitution. -->
    <variable name="httpEndpoint_host_8" defaultValue="*"/>
    <variable name="httpEndpoint_port_8" defaultValue="9080"/>
    <variable name="httpEndpoint_secure_port_8" defaultValue="9443"/>
    <variable name="LDAPUserRegistry_1_demo_data_vm1Node01Cell_ldapRegistry_baseDN_8" defaultValue="ou=people,dc=planetexpress,dc=com"/>
    <variable name="LDAPUserRegistry_1_demo_data_vm1Node01Cell_ldapRegistry_host_8" defaultValue="9.30.189.7"/>
    <variable name="LDAPUserRegistry_1_demo_data_vm1Node01Cell_ldapRegistry_port_8" defaultValue="10389"/>
    <variable name="MMXQueue_demo_data_vm1Node01_MQQueue_1680278221800_baseQueueName" defaultValue="MMX_Q01"/>
    <variable name="MMXQueueConnectionFactory_demo_data_vm1Node01_MQQueueConnectionFactory_1680277838658_channel" defaultValue="SYSTEM.DEF.SVRCONN"/>
    <variable name="MMXQueueConnectionFactory_demo_data_vm1Node01_MQQueueConnectionFactory_1680277838658_host" defaultValue="demo-data-vm1.fyre.ibm.com"/>
    <variable name="MMXQueueConnectionFactory_demo_data_vm1Node01_MQQueueConnectionFactory_1680277838658_queueManager" defaultValue="MMX_QM"/>
    <variable name="NodeDefaultKeyStore_demo_data_vm1Node01Cell_KeyStore_demo_data_vm1Node01_1_location" defaultValue="MyPO_ear_demo-data-vm1Node01_NodeDefaultKeyStore_key.p12"/>
    <variable name="NodeDefaultSSLSettings_demo_data_vm1Node01Cell_SSLConfig_demo_data_vm1Node01_1_sslProtocol" defaultValue="TLS"/>
    <variable name="NodeDefaultTrustStore_demo_data_vm1Node01Cell_KeyStore_demo_data_vm1Node01_2_location" defaultValue="MyPO_ear_demo-data-vm1Node01_NodeDefaultTrustStore_trust.p12"/>

    <!-- The following variables are used to replace sensitive data in the server.xml file for the application.
         The values for these variables were not collected because the includeSensitiveData option was not specified.
    -->
    <variable name="demo_data_vm1Node01_mmxMQ_password" defaultValue=""/>
    <variable name="demo_data_vm1Node01_mmxMQ_user" defaultValue=""/>
    <variable name="LDAPUserRegistry_1_demo_data_vm1Node01Cell_ldapRegistry_bindDN" defaultValue=""/>
    <variable name="LDAPUserRegistry_1_demo_data_vm1Node01Cell_ldapRegistry_bindPassword" defaultValue=""/>
    <variable name="NodeDefaultKeyStore_demo_data_vm1Node01Cell_KeyStore_demo_data_vm1Node01_1_password" defaultValue=""/>
    <variable name="NodeDefaultTrustStore_demo_data_vm1Node01Cell_KeyStore_demo_data_vm1Node01_2_password" defaultValue=""/>
</server>
