{
   "domain": "javaAppServer",
   "middleware": "was",
   "host": "demo-data-vm1.fyre.ibm.com",
   "assessmentUnitName": "MyPO.ear",
   "applicationName": "MyPO.ear",
   "checksum": "2b8867efb339256624eb02da4482c4cf98887a55867ac9ab298a59bcbd419c39",
   "dcVersion": "",
   "binaryScannerVersion": "24.0.0.1",
   "collectionUnitType": "profile",
   "collectionUnitName": "AppSrv01",
   "isVirtual": "false",
   "serverXml": {
      "server": {
         "applicationManager": {
            "autoExpand": "true"
         },
         "authData": {
            "id": "demo-data-vm1Node01/mmxMQ",
            "password": "${demo_data_vm1Node01_mmxMQ_password}",
            "user": "${demo_data_vm1Node01_mmxMQ_user}"
         },
         "description": "Configuration generated by binaryAppScanner",
         "featureManager": {
            "feature": [
               "appSecurity-2.0",
               "jms-2.0",
               "jsp-2.3",
               "ldapRegistry-3.0",
               "servlet-3.1"
            ]
         },
         "httpEndpoint": {
            "host": "${httpEndpoint_host_8}",
            "httpPort": "${httpEndpoint_port_8}",
            "httpsPort": "${httpEndpoint_secure_port_8}",
            "id": "defaultHttpEndpoint"
         },
         "jmsQueue": {
            "id": "MMXQueue_demo-data-vm1Node01_MQQueue_1680278221800",
            "jndiName": "jms/mmxQueue",
            "properties.mqJmsRa": {
               "baseQueueManagerName": "MMX_QM",
               "baseQueueName": "${MMXQueue_demo_data_vm1Node01_MQQueue_1680278221800_baseQueueName}"
            }
         },
         "jmsQueueConnectionFactory": {
            "containerAuthDataRef": "demo-data-vm1Node01/mmxMQ",
            "id": "MMXQueueConnectionFactory_demo-data-vm1Node01_MQQueueConnectionFactory_1680277838658",
            "jndiName": "jms/mmxCf",
            "properties.mqJmsRa": {
               "channel": "${MMXQueueConnectionFactory_demo_data_vm1Node01_MQQueueConnectionFactory_1680277838658_channel}",
               "hostName": "${MMXQueueConnectionFactory_demo_data_vm1Node01_MQQueueConnectionFactory_1680277838658_host}",
               "queueManager": "${MMXQueueConnectionFactory_demo_data_vm1Node01_MQQueueConnectionFactory_1680277838658_queueManager}",
               "temporaryModel": "SYSTEM.DEFAULT.MODEL.QUEUE"
            }
         },
         "keyStore": [
            {
               "id": "NodeDefaultKeyStore_demo-data-vm1Node01Cell_KeyStore_demo-data-vm1Node01_1",
               "location": "${NodeDefaultKeyStore_demo_data_vm1Node01Cell_KeyStore_demo_data_vm1Node01_1_location}",
               "password": "${NodeDefaultKeyStore_demo_data_vm1Node01Cell_KeyStore_demo_data_vm1Node01_1_password}"
            },
            {
               "id": "NodeDefaultTrustStore_demo-data-vm1Node01Cell_KeyStore_demo-data-vm1Node01_2",
               "location": "${NodeDefaultTrustStore_demo_data_vm1Node01Cell_KeyStore_demo_data_vm1Node01_2_location}",
               "password": "${NodeDefaultTrustStore_demo_data_vm1Node01Cell_KeyStore_demo_data_vm1Node01_2_password}"
            }
         ],
         "ldapRegistry": {
            "baseDN": "${LDAPUserRegistry_1_demo_data_vm1Node01Cell_ldapRegistry_baseDN_8}",
            "bindDN": "${LDAPUserRegistry_1_demo_data_vm1Node01Cell_ldapRegistry_bindDN}",
            "bindPassword": "${LDAPUserRegistry_1_demo_data_vm1Node01Cell_ldapRegistry_bindPassword}",
            "customFilters": {
               "groupFilter": "(&(cn=%v)(objectclass=Group))",
               "groupMemberIdMap": "Group:member",
               "id": "LDAPUserRegistry_1_demo-data-vm1Node01Cell_customFilters",
               "userFilter": "(&(uid=%v)(objectclass=inetOrgPerson))"
            },
            "host": "${LDAPUserRegistry_1_demo_data_vm1Node01Cell_ldapRegistry_host_8}",
            "id": "LDAPUserRegistry_1_demo-data-vm1Node01Cell",
            "ldapType": "Custom",
            "port": "${LDAPUserRegistry_1_demo_data_vm1Node01Cell_ldapRegistry_port_8}",
            "realm": "9.30.189.7:10389",
            "searchTimeout": "120s"
         },
         "resourceAdapter": {
            "classloader": {
               "apiTypeVisibility": "spec, ibm-api, api, third-party"
            },
            "id": "mqJmsRa",
            "location": "/path/to/wmq.jmsra.rar"
         },
         "ssl": {
            "id": "NodeDefaultSSLSettings_demo-data-vm1Node01Cell_SSLConfig_demo-data-vm1Node01_1",
            "keyStoreRef": "NodeDefaultKeyStore_demo-data-vm1Node01Cell_KeyStore_demo-data-vm1Node01_1",
            "sslProtocol": "${NodeDefaultSSLSettings_demo_data_vm1Node01Cell_SSLConfig_demo_data_vm1Node01_1_sslProtocol}",
            "trustStoreRef": "NodeDefaultTrustStore_demo-data-vm1Node01Cell_KeyStore_demo-data-vm1Node01_2"
         },
         "sslDefault": {
            "sslRef": "NodeDefaultSSLSettings_demo-data-vm1Node01Cell_SSLConfig_demo-data-vm1Node01_1"
         },
         "transaction": {
            "propogatedOrBMTTranLifetimeTimeout": "300"
         },
         "variable": [
            {
               "defaultValue": "*",
               "name": "httpEndpoint_host_8"
            },
            {
               "defaultValue": "9080",
               "name": "httpEndpoint_port_8"
            },
            {
               "defaultValue": "9443",
               "name": "httpEndpoint_secure_port_8"
            },
            {
               "defaultValue": "ou=people,dc=planetexpress,dc=com",
               "name": "LDAPUserRegistry_1_demo_data_vm1Node01Cell_ldapRegistry_baseDN_8"
            },
            {
               "defaultValue": "9.30.189.7",
               "name": "LDAPUserRegistry_1_demo_data_vm1Node01Cell_ldapRegistry_host_8"
            },
            {
               "defaultValue": "10389",
               "name": "LDAPUserRegistry_1_demo_data_vm1Node01Cell_ldapRegistry_port_8"
            },
            {
               "defaultValue": "MMX_Q01",
               "name": "MMXQueue_demo_data_vm1Node01_MQQueue_1680278221800_baseQueueName"
            },
            {
               "defaultValue": "SYSTEM.DEF.SVRCONN",
               "name": "MMXQueueConnectionFactory_demo_data_vm1Node01_MQQueueConnectionFactory_1680277838658_channel"
            },
            {
               "defaultValue": "demo-data-vm1.fyre.ibm.com",
               "name": "MMXQueueConnectionFactory_demo_data_vm1Node01_MQQueueConnectionFactory_1680277838658_host"
            },
            {
               "defaultValue": "MMX_QM",
               "name": "MMXQueueConnectionFactory_demo_data_vm1Node01_MQQueueConnectionFactory_1680277838658_queueManager"
            },
            {
               "defaultValue": "MyPO_ear_demo-data-vm1Node01_NodeDefaultKeyStore_key.p12",
               "name": "NodeDefaultKeyStore_demo_data_vm1Node01Cell_KeyStore_demo_data_vm1Node01_1_location"
            },
            {
               "defaultValue": "TLS",
               "name": "NodeDefaultSSLSettings_demo_data_vm1Node01Cell_SSLConfig_demo_data_vm1Node01_1_sslProtocol"
            },
            {
               "defaultValue": "MyPO_ear_demo-data-vm1Node01_NodeDefaultTrustStore_trust.p12",
               "name": "NodeDefaultTrustStore_demo_data_vm1Node01Cell_KeyStore_demo_data_vm1Node01_2_location"
            },
            {
               "defaultValue": "",
               "name": "demo_data_vm1Node01_mmxMQ_password"
            },
            {
               "defaultValue": "",
               "name": "demo_data_vm1Node01_mmxMQ_user"
            },
            {
               "defaultValue": "",
               "name": "LDAPUserRegistry_1_demo_data_vm1Node01Cell_ldapRegistry_bindDN"
            },
            {
               "defaultValue": "",
               "name": "LDAPUserRegistry_1_demo_data_vm1Node01Cell_ldapRegistry_bindPassword"
            },
            {
               "defaultValue": "",
               "name": "NodeDefaultKeyStore_demo_data_vm1Node01Cell_KeyStore_demo_data_vm1Node01_1_password"
            },
            {
               "defaultValue": "",
               "name": "NodeDefaultTrustStore_demo_data_vm1Node01Cell_KeyStore_demo_data_vm1Node01_2_password"
            }
         ],
         "webApplication": {
            "contextRoot": "/MyPO",
            "id": "MyPO.ear",
            "location": "my-posystem-1.0.0.war"
         }
      }
   }
}